event,parameter,xphm_sample_count,xpnr_sample_count,xphm_median,xpnr_median,xphm_lower_90,xphm_upper_90,xpnr_lower_90,xpnr_upper_90,xphm_width_90,xpnr_width_90,average_width_90,wasserstein_1,normalized_wasserstein_1,js_divergence_bits,standardized_median_displacement,interval_overlap_90,log_width_ratio,xphm_split_NW1_p95,xpnr_split_NW1_p95,pair_noise_threshold_NW1,NW1_above_noise
GW240525_031210,chirp_mass,19070,19199,38.27423212876049,37.73474298771531,33.110153173214975,44.025098491689256,32.82466561040321,43.79525224804363,10.914945318474281,10.970586637640423,10.942765978057352,0.4978641789257606,0.04549710556947737,0.007265906446321326,0.10520527964645066,0.9539898312931794,-0.005084769167224704,0.011229897194632795,0.01158767722227664,0.01158767722227664,True
GW240525_031210,mass_ratio,19070,19199,0.7079642651852445,0.7159521199549128,0.3751076707728193,0.9680165212053237,0.3808145967504091,0.9697837602872968,0.5929088504325044,0.5889691635368878,0.590939006984696,0.00639862126311772,0.010827887798043816,0.001060312364787176,0.03083280897156456,0.9874315359380511,0.006666849609306032,0.009484079354809447,0.00888586668307748,0.009484079354809447,True
GW240525_031210,chi_eff,19070,19199,0.16618443128653876,0.11821176597434546,-0.09271060081792541,0.41753853587347695,-0.1308057840913254,0.36976487314098716,0.5102491366914024,0.5005706572323125,0.5054098969618575,0.04536316533852557,0.08975519793184633,0.01667931595843851,0.2188844900417469,0.8434034184736305,0.019150347673347688,0.008937880163024516,0.010416726846544112,0.010416726846544112,True
GW240525_031210,luminosity_distance,19070,19199,4541.152850552795,4456.177585381532,2357.592571403141,7560.238779714528,2311.173773738329,7458.613447009242,5202.646208311387,5147.439673270913,5175.042940791151,81.37992406915455,0.01572545870638,0.0014816050042229779,0.03736153529903943,0.9717960950756857,0.0106679421284124,0.009149935680188476,0.010107952677310033,0.010107952677310033,True
GW240525_031210,chirp_mass_source,19070,19199,22.141777788054387,21.981142253505876,18.311599072011877,27.345277968989613,18.2279644787818,27.153800400341947,9.033678896977737,8.925835921560147,8.979757409268942,0.15069326914956974,0.016781440999065693,0.0015894471912093764,0.040828387150892785,0.9698253041125305,0.012009708805024276,0.00906474646175109,0.00928563343498886,0.00928563343498886,True
GW240414_054515,chirp_mass,14167,13285,35.004693023168976,34.501187240466486,31.164346545457732,39.55058110001243,30.735992902031413,39.15275915525965,8.386234554554697,8.41676625322824,8.401500403891468,0.5065978437685984,0.060298496627334414,0.010721032287939388,0.1297465767802313,0.906271788355543,-0.0036340809149888534,0.011741508218295294,0.01225072978808913,0.01225072978808913,True
GW240414_054515,mass_ratio,14167,13285,0.6782444922376605,0.6530814407388824,0.3591844329526634,0.9628530103956623,0.3414330116197392,0.9599361691976336,0.6036685774429988,0.6185031575778943,0.6110858675104466,0.01882889386564875,0.030812190015713083,0.004333284516098235,0.09292436415248066,0.9667402681412485,-0.02427696254430517,0.010311305828636975,0.011013875539626808,0.011013875539626808,True
GW240414_054515,chi_eff,14167,13285,0.029907255213019377,-0.007431170396127879,-0.18233998782458516,0.24776353250119917,-0.22724321211698334,0.19533525069656982,0.43010352032578436,0.42257846281355316,0.42634099156966876,0.04365151016880547,0.10238637858417687,0.02209662147462855,0.20334212492620005,0.795094475605259,0.017650784300457276,0.009870946515251037,0.01180258007671917,0.01180258007671917,True
GW240414_054515,luminosity_distance,14167,13285,1525.4837741479232,1501.6581250543902,944.0844968838766,2208.8111306424203,928.0782087586119,2202.7589157735897,1264.7266337585438,1274.6807070149778,1269.7036703867607,20.56728209734947,0.016198489913071237,0.0020103858321417504,0.042987274452020385,0.9827766565400305,-0.007839722347048703,0.009690731390283766,0.011060904911860342,0.011060904911860342,True
GW240414_054515,chirp_mass_source,14167,13285,27.143716926409326,26.83325248983353,24.345354836251964,30.749918568065148,24.09518798154211,30.252573508241476,6.404563731813184,6.157385526699365,6.280974629256274,0.327741805182075,0.05218008741119254,0.007095477924804111,0.109481103483729,0.8876720995967343,0.03935855937176425,0.012145692522066669,0.011934882284587315,0.012145692522066669,True
GW241109_115924,chirp_mass,14582,10761,5.9488362424724555,5.9467178047212395,5.930093628881907,5.993596351620305,5.927139182064183,6.000217804370721,0.06350272273839774,0.0730786223065385,0.06829067252246812,0.00261458291855806,0.03828609123299882,0.01085485130250399,0.07264171946849352,0.868964421250673,-0.14045309672903797,0.010838761158089516,0.012180074821280676,0.012180074821280676,True
GW241109_115924,mass_ratio,14582,10761,0.7083938238349528,0.7081342506333174,0.3884040588402179,0.9692437943804003,0.3639660136154931,0.9685595459286558,0.5808397355401824,0.6045935323131627,0.5927166339266725,0.00535271022632031,0.009030808180393528,0.0031196382969314236,0.0009847307979156982,0.958494604502545,-0.04008150846733054,0.01003703122440355,0.013807454196005436,0.013807454196005436,False
GW241109_115924,chi_eff,14582,10761,0.010114936542235935,0.009594621977043753,-0.04102963375792679,0.16803576057662503,-0.044489993350919424,0.18394116994972204,0.20906539433455182,0.22843116330064145,0.21874827881759662,0.004923278647616937,0.022506593762606088,0.0046668853248323,0.005010367058757937,0.9152227363102727,-0.08858781566882129,0.01198038216210352,0.014398865382659285,0.014398865382659285,True
GW241109_115924,luminosity_distance,14582,10761,602.2416568633232,597.188982119118,314.4894992689301,837.238874552675,311.34912807563586,834.9339211728287,522.7493752837449,523.5847930971929,523.1670841904689,4.770278928383897,0.00911807923804164,0.0020283834706702,0.021983678005982835,0.9896455015340782,-0.0015968473862638035,0.010027835965176691,0.013365286233510895,0.013365286233510895,False
GW241109_115924,chirp_mass_source,14582,10761,5.292571754191709,5.297326609644251,5.093721306481547,5.57739405339665,5.094976970602144,5.579927609199654,0.48367274691510254,0.48495063859750953,0.48431169275630603,0.003905552378513933,0.008064129850523995,0.001869459069260004,0.022306540779735387,0.9922065594328622,-0.0026385743786864007,0.01004489318373113,0.011350160735805304,0.011350160735805304,False
GW241101_220523,chirp_mass,17545,18125,32.76181958173908,32.74075126902758,28.066245245529537,41.41692425358432,28.281771071894603,41.16800042507151,13.350679008054783,12.886229353176908,13.118454180615846,0.10155806730379435,0.007741618479245755,0.001993187457407147,0.0036768510994036057,0.9652115330914883,0.03540799638896341,0.01005583263576706,0.010463516917287006,0.010463516917287006,False
GW241101_220523,mass_ratio,17545,18125,0.4762279954959372,0.48631311058765125,0.27341031587936887,0.9110674520901378,0.2688166275103767,0.9061614889050464,0.637657136210769,0.6373448613946697,0.6375009988027194,0.005786712085608628,0.009077181206737811,0.001863539043336492,0.03676944448609001,0.985208813767893,0.0004898420911179984,0.010187114275965166,0.010665980187860162,0.010665980187860162,False
GW241101_220523,chi_eff,17545,18125,0.14758721422706578,0.12016243432460842,-0.13827484031793796,0.4795407344805507,-0.15976866858438296,0.455688636761359,0.6178155747984886,0.615457305345742,0.6166364400721153,0.02395333929330761,0.03884515694613552,0.004221874909633083,0.1024584599127754,0.9290704535734304,0.0038244128531129706,0.011702452547833081,0.00916120787912121,0.011702452547833081,True
GW241101_220523,luminosity_distance,17545,18125,2178.876522139676,2194.004950964747,1147.5708771359916,3611.215329588395,1176.9616592306782,3579.1222919805205,2463.644452452403,2402.160632749842,2432.9025426011226,21.027099155116286,0.008642803723915423,0.0012475913551630215,0.014299903390365364,0.9750435499565053,0.02527314235975697,0.009559206248773613,0.009658897310016196,0.009658897310016196,False
GW241101_220523,chirp_mass_source,17545,18125,23.610271229132483,23.5795305993532,20.47725175207198,29.431889899203405,20.487489595317932,29.373225413903135,8.954638147131426,8.885735818585204,8.920186982858315,0.059092283171536183,0.006624556557513004,0.001091175348428174,0.007871251492886184,0.9923054033659311,0.007724352782066529,0.010153215120075627,0.010295541827939732,0.010295541827939732,False
GW240922_142106,chirp_mass,16650,15936,10.055035571010844,10.039351010821369,9.994221959365122,10.114290326988904,9.979823912313183,10.100176369174054,0.12006836762378192,0.12035245686087137,0.12021041224232665,0.015066833482049454,0.12533717505000247,0.03146276014540374,0.3027392544646878,0.7879618867242922,-0.0023632675740053047,0.010358266202240668,0.009976478369578035,0.010358266202240668,True
GW240922_142106,mass_ratio,16650,15936,0.6779193035862259,0.6907985106237347,0.3953615864343743,0.9609253902928505,0.4206563369326128,0.9629290231800445,0.5655638038584763,0.5422726862474316,0.553918245052954,0.013976652829715486,0.025232338805484436,0.0032959334970388337,0.05342812470814993,0.9519028372347142,0.0420541304483099,0.009808455318381946,0.01033653801486388,0.01033653801486388,True
GW240922_142106,chi_eff,16650,15936,0.07298700210235708,0.06195052985996659,0.012337029642850862,0.19720549770136117,0.004183902582302824,0.17511464514054376,0.18486846805851032,0.17093074255824092,0.17789960530837562,0.012150483940269121,0.0682996677772678,0.011265847001148731,0.1411599316495629,0.8433129743710255,0.0783861285592722,0.010308895193026446,0.010348892569779972,0.010348892569779972,True
GW240922_142106,luminosity_distance,16650,15936,1230.965155223103,1222.5769326471004,733.0847716762971,1574.9783233338505,725.8642502995642,1582.7222738038133,841.8935516575534,856.8580235042491,849.3757875809013,5.5996753044108845,0.006592694760418429,0.0016692097828055416,0.023033787583540657,0.9825356460041114,-0.017618654976642292,0.009426122412908237,0.010141982544112992,0.010141982544112992,False
GW240922_142106,chirp_mass_source,16650,15936,8.12231862352043,8.118038206223805,7.757292243736463,8.748034470016497,7.74073133566594,8.746028472287136,0.9907422262800347,1.0052971366211967,0.9980196814506157,0.008584525748034618,0.008601559576016637,0.002271414740895884,0.009986179926634387,0.9815677077071198,-0.01458404938287594,0.010107327377151138,0.008425629992240282,0.010107327377151138,False
GW240531_075248,chirp_mass,16444,14295,38.59125126858939,38.37063301957925,32.483528860377966,48.52865464935687,32.484578802792875,47.74656709985647,16.0451257889789,15.261988297063596,15.653557043021248,0.30094461454133214,0.0192253181634203,0.0024307040504537303,0.03303140494348603,0.9511915642036769,0.050039802228073506,0.00960981869821565,0.010312633984691864,0.010312633984691864,True
GW240531_075248,mass_ratio,16444,14295,0.7014999916824578,0.7062151983589259,0.4202257995593884,0.9648772084153197,0.40950802518574564,0.9671661601509355,0.5446514088559313,0.5576581349651899,0.5511547719105606,0.005172520090035317,0.00938487763084213,0.0020793053230632116,0.01947435374484685,0.9766761653892658,-0.023600140031889236,0.010048952701695176,0.009302836513093124,0.010048952701695176,False
GW240531_075248,chi_eff,16444,14295,0.035049146182224655,0.0038975869839768524,-0.23187100452221596,0.2989081489725626,-0.2608257555207325,0.2516292618606677,0.5307791534947786,0.5124550173814002,0.5216170854380894,0.03622507846619599,0.06944764555741444,0.011722295689718007,0.13946940568959737,0.863803786945115,0.035133091741882026,0.010103174879423044,0.010598207499960486,0.010598207499960486,True
GW240531_075248,luminosity_distance,16444,14295,4137.153536039764,4014.2633208199786,1900.9631106661489,6929.346322453678,1940.754885002668,6852.824089204742,5028.383211787529,4912.069204202075,4970.226207994801,90.13364897459093,0.018134717657238106,0.0025809924388491712,0.05646232221591928,0.9768685076919373,0.02340322382521795,0.009535876618847944,0.01071548591602932,0.01071548591602932,True
GW240531_075248,chirp_mass_source,16444,14295,23.38597443479001,23.37025317473094,19.57315244843641,29.033549102050184,19.59007268042006,28.92205444792869,9.460396653613774,9.33198176750863,9.396189210561202,0.04207296904769815,0.004477663029647024,0.001192859791853311,0.0038103753932415157,0.9864260568761574,0.013666911345300861,0.009713656486718576,0.01092780317471395,0.01092780317471395,False
GW240428_225440,chirp_mass,15573,16066,17.20561144018929,17.13491023629973,16.916919024372284,17.526706642709694,16.82943524486599,17.455508116322658,0.6097876183374105,0.6260728714566675,0.617930244897039,0.07259973109031734,0.1174885542338425,0.02777695334187657,0.264179274728171,0.7724238992391619,-0.026356042519656918,0.009814616311532067,0.010540551700320776,0.010540551700320776,True
GW240428_225440,mass_ratio,15573,16066,0.7431719741865405,0.7521226702929588,0.4781935574355402,0.9722564681062175,0.4878269878776501,0.9710329773339281,0.49406291067067726,0.483205989456278,0.4886344500634776,0.006957976806534334,0.014239636205818964,0.0020288627192747467,0.041739262126899296,0.9780252251688732,0.022219816673733496,0.009465308849326686,0.008632520921381712,0.009465308849326686,True
GW240428_225440,chi_eff,15573,16066,0.03211571325585246,0.012486253814075952,-0.046079155663891945,0.1277894418192321,-0.07244255774129933,0.10533152744652446,0.17386859748312405,0.17777408518782378,0.17582134133547392,0.021537443063361982,0.12249618220274926,0.030912932591263195,0.25714669756631636,0.7561762527604584,-0.022213732818768896,0.010886502595486722,0.010495122790670044,0.010886502595486722,True
GW240428_225440,luminosity_distance,15573,16066,840.647605529873,839.4262195546916,556.4176918122424,1041.4205300458248,545.9647836013335,1039.234592764987,485.00283823358234,493.26980916365346,489.1363236986179,1.9242646932845224,0.003934004898131755,0.0014263830240106449,0.005807946402463585,0.9744904654301698,-0.016901561641924273,0.009933917957723417,0.009194970563831648,0.009933917957723417,False
GW240428_225440,chirp_mass_source,15573,16066,14.722177440185627,14.659358242509038,14.245699438263959,15.446088280701682,14.18074825769585,15.411164962060127,1.2003888424377234,1.230416704364277,1.2154027734010002,0.05848487850337003,0.04811975073885569,0.008060340779379345,0.11946447539717128,0.9210690427918257,-0.02470735637536658,0.010136137137153525,0.010462760037756905,0.010462760037756905,True
GW240630_101703,chirp_mass,15167,17455,33.13100507715482,32.25616699987572,29.210887205400812,36.79147597646495,28.065451960686588,35.74224278096593,7.580588771064139,7.676790820279344,7.628689795671741,0.9564862019206228,0.12538014095989333,0.03175978766151105,0.26332042760336555,0.7484915883517105,-0.012610726967499616,0.010108885868998645,0.009503238967878174,0.010108885868998645,True
GW240630_101703,mass_ratio,15167,17455,0.7672648769800807,0.7204409927593808,0.4828355304405611,0.9742363775681648,0.43843594011859793,0.9680554644479196,0.49140084712760373,0.5296195243293216,0.5105101857284626,0.03943587316360232,0.07724796540020072,0.013933261316711559,0.2070485662601637,0.9055982416084358,-0.07489868613201037,0.009797756850369668,0.00987097775883907,0.00987097775883907,True
GW240630_101703,chi_eff,15167,17455,-0.043454547133833024,-0.11268460121842216,-0.31722136560196157,0.18876593760599195,-0.38741708828981514,0.11098781819173813,0.5059873032079535,0.4984049064815533,0.5021961048447534,0.07198957266613948,0.14334952416326288,0.0414811270697525,0.3212780951954481,0.7431825731553815,0.015098764608061085,0.00969274578190905,0.009546842438152571,0.00969274578190905,True
GW240630_101703,luminosity_distance,15167,17455,3195.874437926349,3147.145350614793,1832.7816140774946,4730.481614099897,1786.7126283126224,4682.340135150705,2897.7000000224025,2895.627506838082,2896.663753430242,56.05872356720579,0.019352858439582708,0.002138737260528996,0.03891984415719421,0.9679966515141236,0.0007154759575654981,0.010099630111792693,0.01128539013752146,0.01128539013752146,True
GW240630_101703,chirp_mass_source,15167,17455,21.377609502313966,20.86838821934141,18.892111689285823,24.861108199879492,18.421719510436496,24.25312049384391,5.968996510593669,5.831400983407413,5.900198747000541,0.5232508733233712,0.08868360130908709,0.01722110665891481,0.19944463922467867,0.8325338107555378,0.023321547202899622,0.010383182256732824,0.01061836020217453,0.01061836020217453,True
GW240910_103535,chirp_mass,14426,16977,8.231126573451732,8.221782128576478,8.20182973773225,8.261342803255582,8.193225858585814,8.252363199149553,0.059513065523331576,0.05913734056373876,0.05932520304353517,0.008969835336878989,0.15119771828335035,0.04466268072814185,0.36688185818637636,0.7418633008613243,0.006333332145719851,0.01035497073271646,0.010911037620903077,0.010911037620903077,True
GW240910_103535,mass_ratio,14426,16977,0.5782628850537775,0.5818879225108482,0.3633369008714976,0.9390180039244471,0.3709890672309402,0.9325337222324285,0.5756811030529495,0.5615446550014882,0.5686128790272189,0.004889493780854702,0.008598985287177513,0.001627021853037877,0.014645558302419232,0.9754439602472741,0.02486256777848025,0.009343121921446684,0.010206009131062654,0.010206009131062654,False
GW240910_103535,chi_eff,14426,16977,0.12010403246340738,0.11230391152293695,0.04992030812370198,0.23844424487482171,0.043855670671827725,0.22920065670944012,0.18852393675111973,0.1853449860376124,0.18693446139436606,0.007014767812620127,0.03752527896834084,0.005716777342422348,0.09240257405219973,0.921330295573848,0.017006106333550132,0.009205772252900627,0.010369036688692733,0.010369036688692733,True
GW240910_103535,luminosity_distance,14426,16977,739.0363602567518,722.628657020222,426.97872350181984,910.7595810915794,416.22265505005004,904.1797174572507,483.7808575897596,487.9570624072007,485.86895999848014,13.951665217614917,0.028714872457912436,0.003483830462954939,0.0785166142473536,0.9649451210350212,-0.008595384502735809,0.009268483533014822,0.0099274262908308,0.0099274262908308,True
GW240910_103535,chirp_mass_source,14426,16977,7.155334958217246,7.166133242978466,6.961345730316124,7.544356325542111,6.962811025713108,7.553528993926531,0.5830105952259874,0.5907179682134229,0.5868642817197052,0.009419382582400887,0.016050359300789276,0.0025165657020610878,0.042325291312221076,0.9820360276368709,-0.013133332544986324,0.011434170067272173,0.010367452999397026,0.011434170067272173,True
GW240627_131622,chirp_mass,18210,18961,10.171272075994327,10.118498627801245,9.9329144512062,10.450661331128071,9.880635511194646,10.387229868094163,0.5177468799218712,0.5065943568995177,0.5121706184106944,0.04430573254326614,0.08650580675781501,0.015870753698403794,0.20765019072550245,0.797008488038356,0.021775875690740763,0.010837334485469703,0.01053951575491915,0.010837334485469703,True
GW240627_131622,mass_ratio,18210,18961,0.5100980909683477,0.5060635827910958,0.26230038152064233,0.9237205579001941,0.2525935050256359,0.9267841738674613,0.6614201763795517,0.6741906688418253,0.6678054226106885,0.005551005022244804,0.008312308996449825,0.0018175101053815195,0.013803659002628709,0.9810580403252812,-0.019123656717093058,0.008844948919096478,0.009272020473087464,0.009272020473087464,False
GW240627_131622,chi_eff,18210,18961,0.004484284945922793,-0.012305715507175467,-0.15117701041250275,0.19010491992569634,-0.17088755856525495,0.17177584839249313,0.3412819303381991,0.3426634069577481,0.3419726686479736,0.017743509033191416,0.051885751874096615,0.006914922838470866,0.11627519945990207,0.8946248967707816,-0.004039733654022637,0.009995942030982407,0.009447032732978925,0.009995942030982407,True
GW240627_131622,luminosity_distance,18210,18961,1352.8540275441046,1324.3561236146916,780.3906357680668,1970.3426709235675,760.743625605797,1949.7885841726666,1189.9520351555007,1189.0449585668696,1189.4984968611852,25.184699902318755,0.02117253613079413,0.002140328623392293,0.05570100287112718,0.9667649399453605,0.0007625706421496724,0.009123973446444842,0.010726636876292887,0.010726636876292887,True
GW240627_131622,chirp_mass_source,18210,18961,8.081692644168797,8.071818868962318,7.513277758212103,8.80640339609827,7.50189577188325,8.795548662777657,1.2931256378861669,1.293652890894407,1.293389264390287,0.007774995693378693,0.006011334644132741,0.0011645209836235937,0.01777938404512523,0.9829539366143242,-0.0004076522281868227,0.008935894035441786,0.008400877057211301,0.008935894035441786,False
GW240426_031451,chirp_mass,14745,14249,62.10254290835443,61.92883026161425,51.12512456036598,70.3831134999092,52.30347494867249,69.66651844996386,19.257988939543218,17.363043501291372,18.310516220417295,0.42807191492825714,0.023378473319661624,0.0045327083506537125,0.021792839892224587,0.9016021120273428,0.10358197372676903,0.010221474499007998,0.011948551727931038,0.011948551727931038,True
GW240426_031451,mass_ratio,14745,14249,0.7146508869583978,0.7357427786279436,0.4045906995631613,0.9678816774635133,0.4304864295818671,0.9720878688197874,0.563290977900352,0.5416014392379203,0.5524462085691362,0.020057096392105872,0.03630597166021787,0.0040508160204482035,0.08672533718813236,0.946956702155165,0.03926595028695608,0.010042925423864634,0.010567247324947498,0.010567247324947498,True
GW240426_031451,chi_eff,14745,14249,-0.047000177712996756,-0.07535700516435578,-0.3310473234838643,0.1969445097637738,-0.34970833539579194,0.16015345199284073,0.5279918332476381,0.5098617873886326,0.5189268103181354,0.029773279981751232,0.05737471911211969,0.00858073288688446,0.1277287787004605,0.8985607224514225,0.03494113238310251,0.009764841374142142,0.010506561389244228,0.010506561389244228,True
GW240426_031451,luminosity_distance,14745,14249,4000.28803911404,3910.8932590191985,2030.6286417199663,6608.841866177564,2009.2310885073628,6486.539493985366,4578.213224457598,4477.308405478003,4527.7608149678,93.05437263735746,0.020551962976873644,0.0021863979982280905,0.045522973411325315,0.9687582423055395,0.022286732818817975,0.009682034087031204,0.010818681528879864,0.010818681528879864,True
GW240426_031451,chirp_mass_source,14745,14249,37.103371298075444,37.40736106492003,30.852432177180436,45.27843345152227,31.100280375185104,45.64550896176073,14.426001274341832,14.545228586575629,14.48561493045873,0.3052284717753871,0.02107114356143672,0.002035565832449431,0.04853159880758719,0.9584316557537169,-0.00823078522392542,0.009645671759618635,0.009397358097630214,0.009645671759618635,True
GW241109_033317,chirp_mass,17821,19274,46.3860810488314,46.3466687649147,39.9309029803511,51.695862518403175,40.25900441863862,51.47348230378194,11.764959538052075,11.214477885143324,11.4897187115977,0.1280856733002112,0.011147851093249287,0.0021029709840471255,0.007888383197326541,0.9532100683280468,0.047919971152773404,0.013062826878746582,0.009885206871050668,0.013062826878746582,False
GW241109_033317,mass_ratio,17821,19274,0.7705620454438893,0.7689438556201027,0.46770223824646673,0.9758581694555792,0.45921440858617557,0.9749512284736974,0.5081559312091125,0.5157368198875218,0.5119463755483171,0.0024732344673907133,0.004831042049554058,0.0017511672491769656,0.007167458665688755,0.981815766774453,-0.01480824471212747,0.008353970751734144,0.009267337830868834,0.009267337830868834,False
GW241109_033317,chi_eff,17821,19274,0.009499056379301431,-0.018245667172776002,-0.22866288703367998,0.22527562887322627,-0.25293650343085555,0.18821009053663734,0.45393851590690626,0.4411465939674929,0.4475425549371996,0.030929452356795034,0.06910952269362439,0.010810298661874017,0.14413173101228371,0.8717323325984532,0.028584528517675577,0.010497049555760973,0.009902355579015558,0.010497049555760973,True
GW241109_033317,luminosity_distance,17821,19274,2652.050817831093,2696.8235703693244,1132.272341533357,4687.952209115656,1178.3601662582864,4688.964371876835,3555.6798675822993,3510.6042056185483,3533.142036600424,45.92591238603561,0.012998603483890887,0.0016618443354059608,0.02862483358026379,0.9867573613109369,0.012758126593314824,0.009190041208828647,0.009580637806547217,0.009580637806547217,True
GW241109_033317,chirp_mass_source,17821,19274,31.431427837761152,31.27467025033446,26.260247521069797,38.43511800670166,26.123326557917025,38.0985310781713,12.17487048563186,11.975204520254273,12.075037502943067,0.18817244238837144,0.015583590721147482,0.0019011761533726844,0.029480622685581638,0.9615402930066791,0.0165358090948556,0.009063376815180052,0.010467325560850508,0.010467325560850508,True
GW241230_084504,chirp_mass,14400,14379,48.83389631801815,48.50675194936196,43.16154234339225,54.494513955458366,42.81545136989483,53.96600596129165,11.332971612066117,11.15055459139682,11.241763101731468,0.3200307578662659,0.028468021872563247,0.0030760359971439733,0.06749444328712276,0.9251139411869216,0.016227083048399333,0.01111374017939644,0.010724491791935289,0.01111374017939644,True
GW241230_084504,mass_ratio,14400,14379,0.8094310877993726,0.8153597452010416,0.5252984520679331,0.9814376382924271,0.5246963380576969,0.9808072079897476,0.456139186224494,0.45611086993205074,0.4561250280782724,0.0041206957371101175,0.00903413643945667,0.0020494375144995483,0.029468427898190503,0.9973014388839321,6.208011117405254e-05,0.009678585407296485,0.010204206929970983,0.010204206929970983,False
GW241230_084504,chi_eff,14400,14379,-0.14144774718747044,-0.1877105811265598,-0.3734665859841697,0.06525795348847613,-0.4295777687467312,0.022574444792294028,0.43872453947264584,0.45215221353902524,0.4454383765058355,0.04466479939123208,0.10027155662158567,0.02039662733947706,0.2387114127657276,0.8003485055353702,-0.030147135355784824,0.011642053448053701,0.011025903757570807,0.011642053448053701,True
GW241230_084504,luminosity_distance,14400,14379,2926.152842184467,2787.5348747186586,1589.4726370708656,4321.991408654887,1537.13400594042,4220.301173092763,2732.518771584021,2683.1671671523427,2707.842969368182,111.29886744446418,0.04110240833885335,0.004761998527954874,0.11871407512045648,0.9446905731896957,0.018225935232014323,0.010371601729996915,0.010763611557675643,0.010763611557675643,True
GW241230_084504,chirp_mass_source,14400,14379,32.43498369478267,32.62435719541289,28.458458168993207,38.162881780597345,28.38564888138715,38.304994584190496,9.704423611604138,9.919345702803344,9.811884657203741,0.15819098146606192,0.016122384943642855,0.0020676684370695203,0.0446258359393864,0.9783330375169336,-0.021905137755795563,0.00999433433446962,0.011362217574165643,0.011362217574165643,True
GW240526_093944,chirp_mass,18843,20064,12.828141147418803,12.762394829935872,12.555325760617135,13.10946839838999,12.504466651654036,13.046352151312995,0.5541426377728538,0.5418854996589584,0.5480140687159061,0.06248048326200781,0.11401255337916896,0.025841493064291288,0.27404015174059065,0.8116115256608725,0.022367398631581718,0.009847102762430322,0.009956326781442305,0.009956326781442305,True
GW240526_093944,mass_ratio,18843,20064,0.5805125393390035,0.58138304444965,0.3064887228595608,0.9338164685870821,0.3211741602163797,0.9401483690745339,0.6273277457275213,0.6189742088581542,0.6231509772928377,0.004458694927014109,0.007155079731053412,0.002306046458712991,0.0032638319603397457,0.9668318189901897,0.013405518523000697,0.008975181049959535,0.008493985630620642,0.008975181049959535,False
GW240526_093944,chi_eff,18843,20064,0.21669782056406692,0.19036637842008672,0.0930573532544523,0.35527650660711135,0.07277486368246996,0.31940429101028767,0.26221915335265905,0.2466294273278177,0.2544242903402384,0.026841274175843956,0.1054980801555915,0.02260638820068977,0.23791963636679878,0.8012234386056807,0.061293701458508196,0.009370299956157945,0.010870704469018019,0.010870704469018019,True
GW240526_093944,luminosity_distance,18843,20064,1939.1538639688365,1879.675396094022,1000.0936165301051,3041.8997110832424,970.2013977869639,2976.8730688034475,2041.8060945531374,2006.6716710164837,2024.2388827848106,55.579264202657384,0.027456870172454746,0.0024913353985144037,0.06697772132929401,0.9541830678657498,0.017357292129096976,0.009057499698713747,0.007938507262043988,0.009057499698713747,True
GW240526_093944,chirp_mass_source,18843,20064,9.464309129018186,9.487710815800906,8.44430939550111,10.72617743914859,8.458305359170648,10.730525361504903,2.2818680436474796,2.2722200023342545,2.277044022990867,0.016379304677002646,0.007193231449029539,0.0010128711992174809,0.023634592829615015,0.9919763109440987,0.004237096714016373,0.009797451667479813,0.009075641659795705,0.009797451667479813,False
GW250101_011205,chirp_mass,19073,17858,33.67659299810449,33.76325347444582,26.428681063891993,38.384294310583606,26.60796754630393,38.09216917808663,11.955613246691613,11.4842016317827,11.719907439237156,0.23449732333265752,0.020008462058973466,0.003869320354333995,0.017397687717084758,0.9605698507318842,0.04022857611541086,0.009495705071647691,0.009529023363279772,0.009529023363279772,True
GW250101_011205,mass_ratio,19073,17858,0.7147521036499913,0.727697788696416,0.3866708096703876,0.9694311595669913,0.37752816253614196,0.9721388949309834,0.5827603498966037,0.5946107323948414,0.5886855411457226,0.009874272143972773,0.01677342393148485,0.0019190778607510678,0.05037383875199718,0.9800703521604641,-0.02013092197530784,0.0081616860362312,0.008937731733785252,0.008937731733785252,True
GW250101_011205,chi_eff,19073,17858,-0.0516979292384014,-0.07218501678719458,-0.36619924283778615,0.19215126913646047,-0.38658085964811895,0.16043705646874398,0.5583505119742467,0.5470179161168629,0.5526842140455548,0.02400983627226084,0.04344223276527641,0.005601301713107713,0.08648501666244372,0.9099828281739635,0.020505367534297485,0.010221805091361917,0.009745104157278976,0.010221805091361917,True
GW250101_011205,luminosity_distance,19073,17858,3226.027838061079,3230.164286721502,1701.038402395513,4969.066796026574,1721.8671079684714,4944.912178478945,3268.0283936310607,3223.0450705104736,3245.5367320707674,15.464483787805957,0.004764846330344586,0.0009851503883454397,0.002921437653099901,0.9862353328360752,0.013860278581736992,0.00908045876318752,0.010802295451249135,0.010802295451249135,False
GW250101_011205,chirp_mass_source,19073,17858,21.45373975638645,21.50520948135038,18.14565221938485,25.600971548075968,18.22091270355122,25.574542364408533,7.455319328691118,7.353629660857312,7.404474494774215,0.07391311415653629,0.009982222804427409,0.001696930919654773,0.016305647228554362,0.9863601190840394,0.01373375872384207,0.0087813906427514,0.01093273321718022,0.01093273321718022,False
GW250108_152221,chirp_mass,15752,14996,61.59008301628053,61.26639593387347,50.96030637564839,71.80801995455138,51.444467243054646,70.77274425243634,20.84771357890299,19.328277009381694,20.087995294142342,0.456173927942808,0.02270878309473859,0.0037033967098217832,0.0369812611449695,0.9271173520409978,0.07567512807255984,0.01113320933178043,0.011410697927633755,0.011410697927633755,True
GW250108_152221,mass_ratio,15752,14996,0.6613782112293749,0.6712603422481684,0.40355386659762116,0.9522192371103463,0.4015819798483939,0.953433209827836,0.5486653705127251,0.551851229979442,0.5502583002460836,0.008383362857201523,0.015235322853744071,0.002250046641050831,0.04158004927080585,0.9942269595614825,-0.005789768850070044,0.009907160204414449,0.009349148160740334,0.009907160204414449,True
GW250108_152221,chi_eff,15752,14996,0.04705203446213605,0.02879128249544726,-0.22998073423360443,0.32408183330384,-0.23565755026884525,0.28896284936237737,0.5540625675374444,0.5246203996312226,0.5393414835843335,0.020785891186978656,0.038539388902260274,0.005141092879274188,0.07837592164218954,0.927116438160357,0.05460266541887825,0.009964579836946007,0.009728326051472386,0.009964579836946007,True
GW250108_152221,luminosity_distance,15752,14996,3838.5823606371378,3892.460472269763,1928.4394057453499,6216.860988210175,1969.216366862623,6181.492630536667,4288.4215824648245,4212.2762636740445,4250.348923069434,45.190192450105116,0.010632113567154046,0.0018992880538054938,0.029095975427862703,0.9822439754752342,0.017915553954859612,0.010285472547194825,0.011334765826374453,0.011334765826374453,False
GW250108_152221,chirp_mass_source,15752,14996,37.557115222691124,37.26431697488361,32.042062914872375,45.21093223786812,31.680344544854652,44.894644529111915,13.168869322995747,13.214299984257263,13.191584653626505,0.28240288739365227,0.021407806174068462,0.0023809067451551038,0.050828800294813105,0.9498908625289042,-0.003443915750619008,0.011110445426408154,0.010182540246740677,0.011110445426408154,True
GW241114_235258,chirp_mass,15921,15650,9.328747694596728,9.307878213870469,9.224491621378192,9.433503141251489,9.20551674685503,9.409376527126035,0.2090115198732967,0.2038597802710047,0.2064356500721507,0.021442543371274346,0.1038703507062856,0.022642196037356326,0.23678581050627262,0.8109471016342169,0.024956963559731347,0.010238465554738157,0.011200875736824451,0.011200875736824451,True
GW241114_235258,mass_ratio,15921,15650,0.6823981321282887,0.7010099612252849,0.3325947574510386,0.9640420308614687,0.35577958776236324,0.9636434870489488,0.63144727341043,0.6078638992865855,0.6196555863485078,0.015254975124593206,0.024618474295515308,0.0026430749402809404,0.06850763137765603,0.9626518711586616,0.03806343705065794,0.009334246637089327,0.008665511238997595,0.009334246637089327,True
GW241114_235258,chi_eff,15921,15650,0.05614654919882121,0.04125389100701922,-0.023098498444180868,0.23169991667980738,-0.03530499750603607,0.21070640255544865,0.25479841512398826,0.24601140006148473,0.2504049075927365,0.01676553145210562,0.06695368558580095,0.012197864984389132,0.13792598737867223,0.8756576698693055,0.03509482702815309,0.009116980857078905,0.009322675141080507,0.009322675141080507,True
GW241114_235258,luminosity_distance,15921,15650,794.2973446905918,784.8043999748108,446.91011058123524,1096.5307571293388,443.32792837429014,1097.6948810276326,649.6206465481035,654.3669526533424,651.9937996007229,7.634808336481168,0.011709940096296435,0.0016969773625900605,0.03358234471041091,0.9927467209552783,-0.007279711967640541,0.010899689191506232,0.009236047236945209,0.010899689191506232,True
GW241114_235258,chirp_mass_source,15921,15650,8.03651561033858,8.031823316118397,7.663484433572564,8.534645822483613,7.648810704748578,8.521605380502276,0.871161388911049,0.8727946757536982,0.8719780323323736,0.00925342766814333,0.010611996317604688,0.001562204550248024,0.01247888659427903,0.9687140752827854,-0.001873083104862773,0.009753373594648803,0.010426916042788895,0.010426916042788895,True
GW240519_012815,chirp_mass,18123,17051,58.38205668948518,57.75429289520803,45.12040286186882,67.116339109406,43.728410618346615,66.56512802531475,21.99593624753718,22.836717406968134,22.416326827252657,0.6877556586720429,0.030681014957183072,0.004476423365735305,0.06551674273593354,0.9169142607753272,-0.03751193294767852,0.008409114364513533,0.010562193942576554,0.010562193942576554,True
GW240519_012815,mass_ratio,18123,17051,0.6174196284635769,0.6164761922969514,0.3054644118321653,0.9404484280170545,0.2970723519474824,0.9362901719742618,0.6349840161848892,0.6392178200267794,0.6371009181058342,0.003745070097810687,0.00587829964041672,0.0016718769005713654,0.003505896832476185,0.9804930329331698,-0.006645445490097482,0.007881258847496358,0.010111876458435308,0.010111876458435308,False
GW240519_012815,chi_eff,18123,17051,-0.044030793844230275,-0.07440855375394267,-0.3536491272854468,0.21642645135063646,-0.3896817870914645,0.19195079924041736,0.5700755786360833,0.5816325863318819,0.5758540824839826,0.030720918137998106,0.053348442031497814,0.007611685694055712,0.12377311638260122,0.9001691313885402,-0.02007000728129996,0.008867418176601104,0.00861079439946734,0.008867418176601104,True
GW240519_012815,luminosity_distance,18123,17051,1742.8229859299583,1751.9479191261562,922.9204284861588,3572.4962959783,907.1474032042281,3572.6220039222762,2649.5758674921412,2665.4746007180484,2657.5252341050946,9.707158244620011,0.003652705953660996,0.0012226713366767562,0.007490212301933331,0.9940353086757517,-0.005982551149856161,0.010176994927732629,0.009349028695144262,0.010176994927732629,False
GW240519_012815,chirp_mass_source,18123,17051,43.09524513074468,42.6613368570718,33.76471430205987,51.43856391602432,32.96740653476771,50.74648261214502,17.67384961396445,17.77907607737731,17.72646284567088,0.5585272041857265,0.031508102267685564,0.004042571650214771,0.05732454148133835,0.9193667705585791,-0.005936140409072616,0.009364432758925548,0.010137186566092169,0.010137186566092169,True
