event,parameter,xphm_split_NW1_p95,xpnr_split_NW1_p95,pair_noise_threshold_NW1
GW240525_031210,chirp_mass,0.011229897194632795,0.01158767722227664,0.01158767722227664
GW240525_031210,mass_ratio,0.009484079354809447,0.00888586668307748,0.009484079354809447
GW240525_031210,chi_eff,0.008937880163024516,0.010416726846544112,0.010416726846544112
GW240525_031210,luminosity_distance,0.009149935680188476,0.010107952677310033,0.010107952677310033
GW240525_031210,chirp_mass_source,0.00906474646175109,0.00928563343498886,0.00928563343498886
GW240414_054515,chirp_mass,0.011741508218295294,0.01225072978808913,0.01225072978808913
GW240414_054515,mass_ratio,0.010311305828636975,0.011013875539626808,0.011013875539626808
GW240414_054515,chi_eff,0.009870946515251037,0.01180258007671917,0.01180258007671917
GW240414_054515,luminosity_distance,0.009690731390283766,0.011060904911860342,0.011060904911860342
GW240414_054515,chirp_mass_source,0.012145692522066669,0.011934882284587315,0.012145692522066669
GW241109_115924,chirp_mass,0.010838761158089516,0.012180074821280676,0.012180074821280676
GW241109_115924,mass_ratio,0.01003703122440355,0.013807454196005436,0.013807454196005436
GW241109_115924,chi_eff,0.01198038216210352,0.014398865382659285,0.014398865382659285
GW241109_115924,luminosity_distance,0.010027835965176691,0.013365286233510895,0.013365286233510895
GW241109_115924,chirp_mass_source,0.01004489318373113,0.011350160735805304,0.011350160735805304
GW241101_220523,chirp_mass,0.01005583263576706,0.010463516917287006,0.010463516917287006
GW241101_220523,mass_ratio,0.010187114275965166,0.010665980187860162,0.010665980187860162
GW241101_220523,chi_eff,0.011702452547833081,0.00916120787912121,0.011702452547833081
GW241101_220523,luminosity_distance,0.009559206248773613,0.009658897310016196,0.009658897310016196
GW241101_220523,chirp_mass_source,0.010153215120075627,0.010295541827939732,0.010295541827939732
GW240922_142106,chirp_mass,0.010358266202240668,0.009976478369578035,0.010358266202240668
GW240922_142106,mass_ratio,0.009808455318381946,0.01033653801486388,0.01033653801486388
GW240922_142106,chi_eff,0.010308895193026446,0.010348892569779972,0.010348892569779972
GW240922_142106,luminosity_distance,0.009426122412908237,0.010141982544112992,0.010141982544112992
GW240922_142106,chirp_mass_source,0.010107327377151138,0.008425629992240282,0.010107327377151138
GW240531_075248,chirp_mass,0.00960981869821565,0.010312633984691864,0.010312633984691864
GW240531_075248,mass_ratio,0.010048952701695176,0.009302836513093124,0.010048952701695176
GW240531_075248,chi_eff,0.010103174879423044,0.010598207499960486,0.010598207499960486
GW240531_075248,luminosity_distance,0.009535876618847944,0.01071548591602932,0.01071548591602932
GW240531_075248,chirp_mass_source,0.009713656486718576,0.01092780317471395,0.01092780317471395
GW240428_225440,chirp_mass,0.009814616311532067,0.010540551700320776,0.010540551700320776
GW240428_225440,mass_ratio,0.009465308849326686,0.008632520921381712,0.009465308849326686
GW240428_225440,chi_eff,0.010886502595486722,0.010495122790670044,0.010886502595486722
GW240428_225440,luminosity_distance,0.009933917957723417,0.009194970563831648,0.009933917957723417
GW240428_225440,chirp_mass_source,0.010136137137153525,0.010462760037756905,0.010462760037756905
GW240630_101703,chirp_mass,0.010108885868998645,0.009503238967878174,0.010108885868998645
GW240630_101703,mass_ratio,0.009797756850369668,0.00987097775883907,0.00987097775883907
GW240630_101703,chi_eff,0.00969274578190905,0.009546842438152571,0.00969274578190905
GW240630_101703,luminosity_distance,0.010099630111792693,0.01128539013752146,0.01128539013752146
GW240630_101703,chirp_mass_source,0.010383182256732824,0.01061836020217453,0.01061836020217453
GW240910_103535,chirp_mass,0.01035497073271646,0.010911037620903077,0.010911037620903077
GW240910_103535,mass_ratio,0.009343121921446684,0.010206009131062654,0.010206009131062654
GW240910_103535,chi_eff,0.009205772252900627,0.010369036688692733,0.010369036688692733
GW240910_103535,luminosity_distance,0.009268483533014822,0.0099274262908308,0.0099274262908308
GW240910_103535,chirp_mass_source,0.011434170067272173,0.010367452999397026,0.011434170067272173
GW240627_131622,chirp_mass,0.010837334485469703,0.01053951575491915,0.010837334485469703
GW240627_131622,mass_ratio,0.008844948919096478,0.009272020473087464,0.009272020473087464
GW240627_131622,chi_eff,0.009995942030982407,0.009447032732978925,0.009995942030982407
GW240627_131622,luminosity_distance,0.009123973446444842,0.010726636876292887,0.010726636876292887
GW240627_131622,chirp_mass_source,0.008935894035441786,0.008400877057211301,0.008935894035441786
GW240426_031451,chirp_mass,0.010221474499007998,0.011948551727931038,0.011948551727931038
GW240426_031451,mass_ratio,0.010042925423864634,0.010567247324947498,0.010567247324947498
GW240426_031451,chi_eff,0.009764841374142142,0.010506561389244228,0.010506561389244228
GW240426_031451,luminosity_distance,0.009682034087031204,0.010818681528879864,0.010818681528879864
GW240426_031451,chirp_mass_source,0.009645671759618635,0.009397358097630214,0.009645671759618635
GW241109_033317,chirp_mass,0.013062826878746582,0.009885206871050668,0.013062826878746582
GW241109_033317,mass_ratio,0.008353970751734144,0.009267337830868834,0.009267337830868834
GW241109_033317,chi_eff,0.010497049555760973,0.009902355579015558,0.010497049555760973
GW241109_033317,luminosity_distance,0.009190041208828647,0.009580637806547217,0.009580637806547217
GW241109_033317,chirp_mass_source,0.009063376815180052,0.010467325560850508,0.010467325560850508
GW241230_084504,chirp_mass,0.01111374017939644,0.010724491791935289,0.01111374017939644
GW241230_084504,mass_ratio,0.009678585407296485,0.010204206929970983,0.010204206929970983
GW241230_084504,chi_eff,0.011642053448053701,0.011025903757570807,0.011642053448053701
GW241230_084504,luminosity_distance,0.010371601729996915,0.010763611557675643,0.010763611557675643
GW241230_084504,chirp_mass_source,0.00999433433446962,0.011362217574165643,0.011362217574165643
GW240526_093944,chirp_mass,0.009847102762430322,0.009956326781442305,0.009956326781442305
GW240526_093944,mass_ratio,0.008975181049959535,0.008493985630620642,0.008975181049959535
GW240526_093944,chi_eff,0.009370299956157945,0.010870704469018019,0.010870704469018019
GW240526_093944,luminosity_distance,0.009057499698713747,0.007938507262043988,0.009057499698713747
GW240526_093944,chirp_mass_source,0.009797451667479813,0.009075641659795705,0.009797451667479813
GW250101_011205,chirp_mass,0.009495705071647691,0.009529023363279772,0.009529023363279772
GW250101_011205,mass_ratio,0.0081616860362312,0.008937731733785252,0.008937731733785252
GW250101_011205,chi_eff,0.010221805091361917,0.009745104157278976,0.010221805091361917
GW250101_011205,luminosity_distance,0.00908045876318752,0.010802295451249135,0.010802295451249135
GW250101_011205,chirp_mass_source,0.0087813906427514,0.01093273321718022,0.01093273321718022
GW250108_152221,chirp_mass,0.01113320933178043,0.011410697927633755,0.011410697927633755
GW250108_152221,mass_ratio,0.009907160204414449,0.009349148160740334,0.009907160204414449
GW250108_152221,chi_eff,0.009964579836946007,0.009728326051472386,0.009964579836946007
GW250108_152221,luminosity_distance,0.010285472547194825,0.011334765826374453,0.011334765826374453
GW250108_152221,chirp_mass_source,0.011110445426408154,0.010182540246740677,0.011110445426408154
GW241114_235258,chirp_mass,0.010238465554738157,0.011200875736824451,0.011200875736824451
GW241114_235258,mass_ratio,0.009334246637089327,0.008665511238997595,0.009334246637089327
GW241114_235258,chi_eff,0.009116980857078905,0.009322675141080507,0.009322675141080507
GW241114_235258,luminosity_distance,0.010899689191506232,0.009236047236945209,0.010899689191506232
GW241114_235258,chirp_mass_source,0.009753373594648803,0.010426916042788895,0.010426916042788895
GW240519_012815,chirp_mass,0.008409114364513533,0.010562193942576554,0.010562193942576554
GW240519_012815,mass_ratio,0.007881258847496358,0.010111876458435308,0.010111876458435308
GW240519_012815,chi_eff,0.008867418176601104,0.00861079439946734,0.008867418176601104
GW240519_012815,luminosity_distance,0.010176994927732629,0.009349028695144262,0.010176994927732629
GW240519_012815,chirp_mass_source,0.009364432758925548,0.010137186566092169,0.010137186566092169
