event,model,parameter,sample_count,duplicate_fraction,lag1_correlation,source_file,sampling_method,original_sample_count,stored_sample_count,stored_equals_original
GW240525_031210,C00:IMRPhenomXPHM-SpinTaylor,chirp_mass,19070,0.0,0.0094805101088748,confirmatory_batch_A_posteriors.hdf5,all_samples,19070,19070,True
GW240525_031210,C00:IMRPhenomXPHM-SpinTaylor,mass_ratio,19070,0.0,0.03385726806471546,confirmatory_batch_A_posteriors.hdf5,all_samples,19070,19070,True
GW240525_031210,C00:IMRPhenomXPHM-SpinTaylor,chi_eff,19070,0.0,0.0001682942120301809,confirmatory_batch_A_posteriors.hdf5,all_samples,19070,19070,True
GW240525_031210,C00:IMRPhenomXPHM-SpinTaylor,luminosity_distance,19070,0.0,0.008417902890436618,confirmatory_batch_A_posteriors.hdf5,all_samples,19070,19070,True
GW240525_031210,C00:IMRPhenomXPHM-SpinTaylor,chirp_mass_source,19070,0.0,0.00918629807971558,confirmatory_batch_A_posteriors.hdf5,all_samples,19070,19070,True
GW240525_031210,C00:IMRPhenomXPNR,chirp_mass,19199,0.0,-0.008433263444325937,confirmatory_batch_A_posteriors.hdf5,all_samples,19199,19199,True
GW240525_031210,C00:IMRPhenomXPNR,mass_ratio,19199,0.0,0.02618972178736708,confirmatory_batch_A_posteriors.hdf5,all_samples,19199,19199,True
GW240525_031210,C00:IMRPhenomXPNR,chi_eff,19199,0.0,-0.007453842067564602,confirmatory_batch_A_posteriors.hdf5,all_samples,19199,19199,True
GW240525_031210,C00:IMRPhenomXPNR,luminosity_distance,19199,0.0,0.0029594082666751288,confirmatory_batch_A_posteriors.hdf5,all_samples,19199,19199,True
GW240525_031210,C00:IMRPhenomXPNR,chirp_mass_source,19199,0.0,0.012272375720814651,confirmatory_batch_A_posteriors.hdf5,all_samples,19199,19199,True
GW240414_054515,C00:IMRPhenomXPHM-SpinTaylor,chirp_mass,14167,0.0,0.03567604818993365,confirmatory_batch_A_posteriors.hdf5,all_samples,14167,14167,True
GW240414_054515,C00:IMRPhenomXPHM-SpinTaylor,mass_ratio,14167,0.0,0.016461765625645226,confirmatory_batch_A_posteriors.hdf5,all_samples,14167,14167,True
GW240414_054515,C00:IMRPhenomXPHM-SpinTaylor,chi_eff,14167,0.0,0.01067998430698264,confirmatory_batch_A_posteriors.hdf5,all_samples,14167,14167,True
GW240414_054515,C00:IMRPhenomXPHM-SpinTaylor,luminosity_distance,14167,0.0,0.010431768197493948,confirmatory_batch_A_posteriors.hdf5,all_samples,14167,14167,True
GW240414_054515,C00:IMRPhenomXPHM-SpinTaylor,chirp_mass_source,14167,0.0,0.04705827168227011,confirmatory_batch_A_posteriors.hdf5,all_samples,14167,14167,True
GW240414_054515,C00:IMRPhenomXPNR,chirp_mass,13285,0.0,0.036823044218897226,confirmatory_batch_A_posteriors.hdf5,all_samples,13285,13285,True
GW240414_054515,C00:IMRPhenomXPNR,mass_ratio,13285,0.0,-0.00012105167122810449,confirmatory_batch_A_posteriors.hdf5,all_samples,13285,13285,True
GW240414_054515,C00:IMRPhenomXPNR,chi_eff,13285,0.0,0.007315283305941773,confirmatory_batch_A_posteriors.hdf5,all_samples,13285,13285,True
GW240414_054515,C00:IMRPhenomXPNR,luminosity_distance,13285,0.0,-0.007723662843810872,confirmatory_batch_A_posteriors.hdf5,all_samples,13285,13285,True
GW240414_054515,C00:IMRPhenomXPNR,chirp_mass_source,13285,0.0,0.054169588430141205,confirmatory_batch_A_posteriors.hdf5,all_samples,13285,13285,True
GW241109_115924,C00:IMRPhenomXPHM-SpinTaylor,chirp_mass,14582,0.0,0.1272985192707212,confirmatory_batch_A_replacement_01_posteriors.hdf5,all_samples,14582,14582,True
GW241109_115924,C00:IMRPhenomXPHM-SpinTaylor,mass_ratio,14582,0.0,-0.004932107313348413,confirmatory_batch_A_replacement_01_posteriors.hdf5,all_samples,14582,14582,True
GW241109_115924,C00:IMRPhenomXPHM-SpinTaylor,chi_eff,14582,0.0,0.051692442635465276,confirmatory_batch_A_replacement_01_posteriors.hdf5,all_samples,14582,14582,True
GW241109_115924,C00:IMRPhenomXPHM-SpinTaylor,luminosity_distance,14582,0.0,0.049708748801483696,confirmatory_batch_A_replacement_01_posteriors.hdf5,all_samples,14582,14582,True
GW241109_115924,C00:IMRPhenomXPHM-SpinTaylor,chirp_mass_source,14582,0.0,0.07094315605437511,confirmatory_batch_A_replacement_01_posteriors.hdf5,all_samples,14582,14582,True
GW241109_115924,C00:IMRPhenomXPNR,chirp_mass,10761,0.0,0.09480631612350446,confirmatory_batch_A_replacement_01_posteriors.hdf5,all_samples,10761,10761,True
GW241109_115924,C00:IMRPhenomXPNR,mass_ratio,10761,0.0,0.030838478407020628,confirmatory_batch_A_replacement_01_posteriors.hdf5,all_samples,10761,10761,True
GW241109_115924,C00:IMRPhenomXPNR,chi_eff,10761,0.0,0.04709067416256428,confirmatory_batch_A_replacement_01_posteriors.hdf5,all_samples,10761,10761,True
GW241109_115924,C00:IMRPhenomXPNR,luminosity_distance,10761,0.0,0.03420172403760955,confirmatory_batch_A_replacement_01_posteriors.hdf5,all_samples,10761,10761,True
GW241109_115924,C00:IMRPhenomXPNR,chirp_mass_source,10761,0.0,0.05154554123150332,confirmatory_batch_A_replacement_01_posteriors.hdf5,all_samples,10761,10761,True
GW241101_220523,C00:IMRPhenomXPHM-SpinTaylor,chirp_mass,17545,0.0,0.04775038172198067,confirmatory_batch_A_posteriors.hdf5,all_samples,17545,17545,True
GW241101_220523,C00:IMRPhenomXPHM-SpinTaylor,mass_ratio,17545,0.0,0.10857516116954846,confirmatory_batch_A_posteriors.hdf5,all_samples,17545,17545,True
GW241101_220523,C00:IMRPhenomXPHM-SpinTaylor,chi_eff,17545,0.0,0.013169586302105768,confirmatory_batch_A_posteriors.hdf5,all_samples,17545,17545,True
GW241101_220523,C00:IMRPhenomXPHM-SpinTaylor,luminosity_distance,17545,0.0,0.018723922253334187,confirmatory_batch_A_posteriors.hdf5,all_samples,17545,17545,True
GW241101_220523,C00:IMRPhenomXPHM-SpinTaylor,chirp_mass_source,17545,0.0,0.06443157201929728,confirmatory_batch_A_posteriors.hdf5,all_samples,17545,17545,True
GW241101_220523,C00:IMRPhenomXPNR,chirp_mass,18125,0.0,0.04311325576773286,confirmatory_batch_A_posteriors.hdf5,all_samples,18125,18125,True
GW241101_220523,C00:IMRPhenomXPNR,mass_ratio,18125,0.0,0.1375819370534771,confirmatory_batch_A_posteriors.hdf5,all_samples,18125,18125,True
GW241101_220523,C00:IMRPhenomXPNR,chi_eff,18125,0.0,0.0045544154044432315,confirmatory_batch_A_posteriors.hdf5,all_samples,18125,18125,True
GW241101_220523,C00:IMRPhenomXPNR,luminosity_distance,18125,0.0,0.003987212747920821,confirmatory_batch_A_posteriors.hdf5,all_samples,18125,18125,True
GW241101_220523,C00:IMRPhenomXPNR,chirp_mass_source,18125,0.0,0.06878526425876726,confirmatory_batch_A_posteriors.hdf5,all_samples,18125,18125,True
GW240922_142106,C00:IMRPhenomXPHM-SpinTaylor,chirp_mass,16650,0.0,-0.0017123354057105007,confirmatory_batch_A_posteriors.hdf5,all_samples,16650,16650,True
GW240922_142106,C00:IMRPhenomXPHM-SpinTaylor,mass_ratio,16650,0.0,0.02149429564922916,confirmatory_batch_A_posteriors.hdf5,all_samples,16650,16650,True
GW240922_142106,C00:IMRPhenomXPHM-SpinTaylor,chi_eff,16650,0.0,0.0030818564337521492,confirmatory_batch_A_posteriors.hdf5,all_samples,16650,16650,True
GW240922_142106,C00:IMRPhenomXPHM-SpinTaylor,luminosity_distance,16650,0.0,0.01748499439160738,confirmatory_batch_A_posteriors.hdf5,all_samples,16650,16650,True
GW240922_142106,C00:IMRPhenomXPHM-SpinTaylor,chirp_mass_source,16650,0.0,0.01732938157729786,confirmatory_batch_A_posteriors.hdf5,all_samples,16650,16650,True
GW240922_142106,C00:IMRPhenomXPNR,chirp_mass,15936,0.0,-0.0015519442712204619,confirmatory_batch_A_posteriors.hdf5,all_samples,15936,15936,True
GW240922_142106,C00:IMRPhenomXPNR,mass_ratio,15936,0.0,0.008775913619446704,confirmatory_batch_A_posteriors.hdf5,all_samples,15936,15936,True
GW240922_142106,C00:IMRPhenomXPNR,chi_eff,15936,0.0,-0.004552120163637617,confirmatory_batch_A_posteriors.hdf5,all_samples,15936,15936,True
GW240922_142106,C00:IMRPhenomXPNR,luminosity_distance,15936,0.0,0.03843655062173673,confirmatory_batch_A_posteriors.hdf5,all_samples,15936,15936,True
GW240922_142106,C00:IMRPhenomXPNR,chirp_mass_source,15936,0.0,0.036290159936232726,confirmatory_batch_A_posteriors.hdf5,all_samples,15936,15936,True
GW240531_075248,C00:IMRPhenomXPHM-SpinTaylor,chirp_mass,16444,0.0,0.10706565115295007,confirmatory_batch_A_posteriors.hdf5,all_samples,16444,16444,True
GW240531_075248,C00:IMRPhenomXPHM-SpinTaylor,mass_ratio,16444,0.0,0.006569597327723488,confirmatory_batch_A_posteriors.hdf5,all_samples,16444,16444,True
GW240531_075248,C00:IMRPhenomXPHM-SpinTaylor,chi_eff,16444,0.0,0.036403724416395056,confirmatory_batch_A_posteriors.hdf5,all_samples,16444,16444,True
GW240531_075248,C00:IMRPhenomXPHM-SpinTaylor,luminosity_distance,16444,0.0,0.037856965343205526,confirmatory_batch_A_posteriors.hdf5,all_samples,16444,16444,True
GW240531_075248,C00:IMRPhenomXPHM-SpinTaylor,chirp_mass_source,16444,0.0,0.03435150772011574,confirmatory_batch_A_posteriors.hdf5,all_samples,16444,16444,True
GW240531_075248,C00:IMRPhenomXPNR,chirp_mass,14295,0.0,0.08284548490506564,confirmatory_batch_A_posteriors.hdf5,all_samples,14295,14295,True
GW240531_075248,C00:IMRPhenomXPNR,mass_ratio,14295,0.0,0.013439350847460842,confirmatory_batch_A_posteriors.hdf5,all_samples,14295,14295,True
GW240531_075248,C00:IMRPhenomXPNR,chi_eff,14295,0.0,0.011026931015105832,confirmatory_batch_A_posteriors.hdf5,all_samples,14295,14295,True
GW240531_075248,C00:IMRPhenomXPNR,luminosity_distance,14295,0.0,0.028180651632293142,confirmatory_batch_A_posteriors.hdf5,all_samples,14295,14295,True
GW240531_075248,C00:IMRPhenomXPNR,chirp_mass_source,14295,0.0,0.029384587232782422,confirmatory_batch_A_posteriors.hdf5,all_samples,14295,14295,True
GW240428_225440,C00:IMRPhenomXPHM-SpinTaylor,chirp_mass,15573,0.0,-0.010068735351471361,confirmatory_batch_B_posteriors.hdf5,all_samples,15573,15573,True
GW240428_225440,C00:IMRPhenomXPHM-SpinTaylor,mass_ratio,15573,0.0,0.01356777107373855,confirmatory_batch_B_posteriors.hdf5,all_samples,15573,15573,True
GW240428_225440,C00:IMRPhenomXPHM-SpinTaylor,chi_eff,15573,0.0,0.007291623273254517,confirmatory_batch_B_posteriors.hdf5,all_samples,15573,15573,True
GW240428_225440,C00:IMRPhenomXPHM-SpinTaylor,luminosity_distance,15573,0.0,0.03244317082760276,confirmatory_batch_B_posteriors.hdf5,all_samples,15573,15573,True
GW240428_225440,C00:IMRPhenomXPHM-SpinTaylor,chirp_mass_source,15573,0.0,0.03510462704704778,confirmatory_batch_B_posteriors.hdf5,all_samples,15573,15573,True
GW240428_225440,C00:IMRPhenomXPNR,chirp_mass,16066,0.0,0.0014583308101452379,confirmatory_batch_B_posteriors.hdf5,all_samples,16066,16066,True
GW240428_225440,C00:IMRPhenomXPNR,mass_ratio,16066,0.0,0.009431518930322996,confirmatory_batch_B_posteriors.hdf5,all_samples,16066,16066,True
GW240428_225440,C00:IMRPhenomXPNR,chi_eff,16066,0.0,0.010727950112319366,confirmatory_batch_B_posteriors.hdf5,all_samples,16066,16066,True
GW240428_225440,C00:IMRPhenomXPNR,luminosity_distance,16066,0.0,0.04028174155801686,confirmatory_batch_B_posteriors.hdf5,all_samples,16066,16066,True
GW240428_225440,C00:IMRPhenomXPNR,chirp_mass_source,16066,0.0,0.030199954648532926,confirmatory_batch_B_posteriors.hdf5,all_samples,16066,16066,True
GW240630_101703,C00:IMRPhenomXPHM-SpinTaylor,chirp_mass,15167,0.0,-0.005155266505542423,confirmatory_batch_B_replacements_01_posteriors.hdf5,all_samples,15167,15167,True
GW240630_101703,C00:IMRPhenomXPHM-SpinTaylor,mass_ratio,15167,0.0,0.01600993801507639,confirmatory_batch_B_replacements_01_posteriors.hdf5,all_samples,15167,15167,True
GW240630_101703,C00:IMRPhenomXPHM-SpinTaylor,chi_eff,15167,0.0,0.009993271848693436,confirmatory_batch_B_replacements_01_posteriors.hdf5,all_samples,15167,15167,True
GW240630_101703,C00:IMRPhenomXPHM-SpinTaylor,luminosity_distance,15167,0.0,0.02016960367032419,confirmatory_batch_B_replacements_01_posteriors.hdf5,all_samples,15167,15167,True
GW240630_101703,C00:IMRPhenomXPHM-SpinTaylor,chirp_mass_source,15167,0.0,0.0192641096790038,confirmatory_batch_B_replacements_01_posteriors.hdf5,all_samples,15167,15167,True
GW240630_101703,C00:IMRPhenomXPNR,chirp_mass,17455,5.729017473499187e-05,0.04584374173166495,confirmatory_batch_B_replacements_01_posteriors.hdf5,all_samples,17455,17455,True
GW240630_101703,C00:IMRPhenomXPNR,mass_ratio,17455,5.729017473499187e-05,0.06286066998167761,confirmatory_batch_B_replacements_01_posteriors.hdf5,all_samples,17455,17455,True
GW240630_101703,C00:IMRPhenomXPNR,chi_eff,17455,5.729017473499187e-05,0.05769731039407563,confirmatory_batch_B_replacements_01_posteriors.hdf5,all_samples,17455,17455,True
GW240630_101703,C00:IMRPhenomXPNR,luminosity_distance,17455,0.0,0.013215562645049465,confirmatory_batch_B_replacements_01_posteriors.hdf5,all_samples,17455,17455,True
GW240630_101703,C00:IMRPhenomXPNR,chirp_mass_source,17455,0.0,0.029070971567159414,confirmatory_batch_B_replacements_01_posteriors.hdf5,all_samples,17455,17455,True
GW240910_103535,C00:IMRPhenomXPHM-SpinTaylor,chirp_mass,14426,0.0,0.021952702907632328,confirmatory_batch_B_replacements_01_posteriors.hdf5,all_samples,14426,14426,True
GW240910_103535,C00:IMRPhenomXPHM-SpinTaylor,mass_ratio,14426,0.0,0.14691159230501358,confirmatory_batch_B_replacements_01_posteriors.hdf5,all_samples,14426,14426,True
GW240910_103535,C00:IMRPhenomXPHM-SpinTaylor,chi_eff,14426,0.0,0.10884023686218125,confirmatory_batch_B_replacements_01_posteriors.hdf5,all_samples,14426,14426,True
GW240910_103535,C00:IMRPhenomXPHM-SpinTaylor,luminosity_distance,14426,0.0,0.07242527455986753,confirmatory_batch_B_replacements_01_posteriors.hdf5,all_samples,14426,14426,True
GW240910_103535,C00:IMRPhenomXPHM-SpinTaylor,chirp_mass_source,14426,0.0,0.07181694119443009,confirmatory_batch_B_replacements_01_posteriors.hdf5,all_samples,14426,14426,True
GW240910_103535,C00:IMRPhenomXPNR,chirp_mass,16977,0.0,0.02865464503420431,confirmatory_batch_B_replacements_01_posteriors.hdf5,all_samples,16977,16977,True
GW240910_103535,C00:IMRPhenomXPNR,mass_ratio,16977,0.0,0.14868368567697282,confirmatory_batch_B_replacements_01_posteriors.hdf5,all_samples,16977,16977,True
GW240910_103535,C00:IMRPhenomXPNR,chi_eff,16977,0.0,0.11252224074007347,confirmatory_batch_B_replacements_01_posteriors.hdf5,all_samples,16977,16977,True
GW240910_103535,C00:IMRPhenomXPNR,luminosity_distance,16977,0.0,0.062340604391610044,confirmatory_batch_B_replacements_01_posteriors.hdf5,all_samples,16977,16977,True
GW240910_103535,C00:IMRPhenomXPNR,chirp_mass_source,16977,0.0,0.061704777686898325,confirmatory_batch_B_replacements_01_posteriors.hdf5,all_samples,16977,16977,True
GW240627_131622,C00:IMRPhenomXPHM-SpinTaylor,chirp_mass,18210,0.0,0.10536252638476934,confirmatory_batch_B_posteriors.hdf5,all_samples,18210,18210,True
GW240627_131622,C00:IMRPhenomXPHM-SpinTaylor,mass_ratio,18210,0.0,0.11850392727442394,confirmatory_batch_B_posteriors.hdf5,all_samples,18210,18210,True
GW240627_131622,C00:IMRPhenomXPHM-SpinTaylor,chi_eff,18210,0.0,0.013769913993066195,confirmatory_batch_B_posteriors.hdf5,all_samples,18210,18210,True
GW240627_131622,C00:IMRPhenomXPHM-SpinTaylor,luminosity_distance,18210,0.0,0.0171358300691021,confirmatory_batch_B_posteriors.hdf5,all_samples,18210,18210,True
GW240627_131622,C00:IMRPhenomXPHM-SpinTaylor,chirp_mass_source,18210,0.0,0.006513574468513612,confirmatory_batch_B_posteriors.hdf5,all_samples,18210,18210,True
GW240627_131622,C00:IMRPhenomXPNR,chirp_mass,18961,5.273983439690877e-05,0.1363521766280213,confirmatory_batch_B_posteriors.hdf5,all_samples,18961,18961,True
GW240627_131622,C00:IMRPhenomXPNR,mass_ratio,18961,5.273983439690877e-05,0.10506782492742635,confirmatory_batch_B_posteriors.hdf5,all_samples,18961,18961,True
GW240627_131622,C00:IMRPhenomXPNR,chi_eff,18961,5.273983439690877e-05,0.029056541496061537,confirmatory_batch_B_posteriors.hdf5,all_samples,18961,18961,True
GW240627_131622,C00:IMRPhenomXPNR,luminosity_distance,18961,0.0,0.008602719248735496,confirmatory_batch_B_posteriors.hdf5,all_samples,18961,18961,True
GW240627_131622,C00:IMRPhenomXPNR,chirp_mass_source,18961,0.0,-0.004970050783405465,confirmatory_batch_B_posteriors.hdf5,all_samples,18961,18961,True
GW240426_031451,C00:IMRPhenomXPHM-SpinTaylor,chirp_mass,14745,0.0,-0.003495545709799827,confirmatory_batch_B_posteriors.hdf5,all_samples,14745,14745,True
GW240426_031451,C00:IMRPhenomXPHM-SpinTaylor,mass_ratio,14745,0.0,-0.006765986568807689,confirmatory_batch_B_posteriors.hdf5,all_samples,14745,14745,True
GW240426_031451,C00:IMRPhenomXPHM-SpinTaylor,chi_eff,14745,0.0,-0.0037255138544569576,confirmatory_batch_B_posteriors.hdf5,all_samples,14745,14745,True
GW240426_031451,C00:IMRPhenomXPHM-SpinTaylor,luminosity_distance,14745,0.0,0.01451073276839318,confirmatory_batch_B_posteriors.hdf5,all_samples,14745,14745,True
GW240426_031451,C00:IMRPhenomXPHM-SpinTaylor,chirp_mass_source,14745,0.0,0.03007150908600507,confirmatory_batch_B_posteriors.hdf5,all_samples,14745,14745,True
GW240426_031451,C00:IMRPhenomXPNR,chirp_mass,14249,0.0,-0.013371104741002884,confirmatory_batch_B_posteriors.hdf5,all_samples,14249,14249,True
GW240426_031451,C00:IMRPhenomXPNR,mass_ratio,14249,0.0,0.002216411248210678,confirmatory_batch_B_posteriors.hdf5,all_samples,14249,14249,True
GW240426_031451,C00:IMRPhenomXPNR,chi_eff,14249,0.0,-0.003026004464400022,confirmatory_batch_B_posteriors.hdf5,all_samples,14249,14249,True
GW240426_031451,C00:IMRPhenomXPNR,luminosity_distance,14249,0.0,0.008582180307973291,confirmatory_batch_B_posteriors.hdf5,all_samples,14249,14249,True
GW240426_031451,C00:IMRPhenomXPNR,chirp_mass_source,14249,0.0,0.012369639069454172,confirmatory_batch_B_posteriors.hdf5,all_samples,14249,14249,True
GW241109_033317,C00:IMRPhenomXPHM-SpinTaylor,chirp_mass,17821,0.0,-0.012580842622700853,confirmatory_batch_B_posteriors.hdf5,all_samples,17821,17821,True
GW241109_033317,C00:IMRPhenomXPHM-SpinTaylor,mass_ratio,17821,0.0,0.017930205629671934,confirmatory_batch_B_posteriors.hdf5,all_samples,17821,17821,True
GW241109_033317,C00:IMRPhenomXPHM-SpinTaylor,chi_eff,17821,0.0,-0.004298702505347591,confirmatory_batch_B_posteriors.hdf5,all_samples,17821,17821,True
GW241109_033317,C00:IMRPhenomXPHM-SpinTaylor,luminosity_distance,17821,0.0,0.010716366091016125,confirmatory_batch_B_posteriors.hdf5,all_samples,17821,17821,True
GW241109_033317,C00:IMRPhenomXPHM-SpinTaylor,chirp_mass_source,17821,0.0,-0.006771828936898573,confirmatory_batch_B_posteriors.hdf5,all_samples,17821,17821,True
GW241109_033317,C00:IMRPhenomXPNR,chirp_mass,19274,0.0,-0.0025123459848071295,confirmatory_batch_B_posteriors.hdf5,all_samples,19274,19274,True
GW241109_033317,C00:IMRPhenomXPNR,mass_ratio,19274,0.0,0.008433859465098083,confirmatory_batch_B_posteriors.hdf5,all_samples,19274,19274,True
GW241109_033317,C00:IMRPhenomXPNR,chi_eff,19274,0.0,0.008290919186232842,confirmatory_batch_B_posteriors.hdf5,all_samples,19274,19274,True
GW241109_033317,C00:IMRPhenomXPNR,luminosity_distance,19274,0.0,0.0005728101455756728,confirmatory_batch_B_posteriors.hdf5,all_samples,19274,19274,True
GW241109_033317,C00:IMRPhenomXPNR,chirp_mass_source,19274,0.0,0.0028741619126018865,confirmatory_batch_B_posteriors.hdf5,all_samples,19274,19274,True
GW241230_084504,C00:IMRPhenomXPHM-SpinTaylor,chirp_mass,14400,0.0,0.041323281707976396,confirmatory_batch_C_posteriors.hdf5,all_samples,14400,14400,True
GW241230_084504,C00:IMRPhenomXPHM-SpinTaylor,mass_ratio,14400,0.0,0.028256258179489308,confirmatory_batch_C_posteriors.hdf5,all_samples,14400,14400,True
GW241230_084504,C00:IMRPhenomXPHM-SpinTaylor,chi_eff,14400,0.0,0.042983463031979384,confirmatory_batch_C_posteriors.hdf5,all_samples,14400,14400,True
GW241230_084504,C00:IMRPhenomXPHM-SpinTaylor,luminosity_distance,14400,0.0,0.02045509417371218,confirmatory_batch_C_posteriors.hdf5,all_samples,14400,14400,True
GW241230_084504,C00:IMRPhenomXPHM-SpinTaylor,chirp_mass_source,14400,0.0,0.06593883035623949,confirmatory_batch_C_posteriors.hdf5,all_samples,14400,14400,True
GW241230_084504,C00:IMRPhenomXPNR,chirp_mass,14379,0.0,0.02561173374255786,confirmatory_batch_C_posteriors.hdf5,all_samples,14379,14379,True
GW241230_084504,C00:IMRPhenomXPNR,mass_ratio,14379,0.0,0.021347066583198723,confirmatory_batch_C_posteriors.hdf5,all_samples,14379,14379,True
GW241230_084504,C00:IMRPhenomXPNR,chi_eff,14379,0.0,0.06490465778987406,confirmatory_batch_C_posteriors.hdf5,all_samples,14379,14379,True
GW241230_084504,C00:IMRPhenomXPNR,luminosity_distance,14379,0.0,0.0146336945406995,confirmatory_batch_C_posteriors.hdf5,all_samples,14379,14379,True
GW241230_084504,C00:IMRPhenomXPNR,chirp_mass_source,14379,0.0,0.0683120693418711,confirmatory_batch_C_posteriors.hdf5,all_samples,14379,14379,True
GW240526_093944,C00:IMRPhenomXPHM-SpinTaylor,chirp_mass,18843,0.0,0.02477146684353025,confirmatory_batch_C_posteriors.hdf5,all_samples,18843,18843,True
GW240526_093944,C00:IMRPhenomXPHM-SpinTaylor,mass_ratio,18843,0.0,0.033254273168187465,confirmatory_batch_C_posteriors.hdf5,all_samples,18843,18843,True
GW240526_093944,C00:IMRPhenomXPHM-SpinTaylor,chi_eff,18843,0.0,0.010943507634025568,confirmatory_batch_C_posteriors.hdf5,all_samples,18843,18843,True
GW240526_093944,C00:IMRPhenomXPHM-SpinTaylor,luminosity_distance,18843,0.0,0.05551449879888655,confirmatory_batch_C_posteriors.hdf5,all_samples,18843,18843,True
GW240526_093944,C00:IMRPhenomXPHM-SpinTaylor,chirp_mass_source,18843,0.0,0.06394330131565511,confirmatory_batch_C_posteriors.hdf5,all_samples,18843,18843,True
GW240526_093944,C00:IMRPhenomXPNR,chirp_mass,20064,0.0,-0.003606658638400341,confirmatory_batch_C_posteriors.hdf5,all_samples,20064,20064,True
GW240526_093944,C00:IMRPhenomXPNR,mass_ratio,20064,0.0,0.04693397159579803,confirmatory_batch_C_posteriors.hdf5,all_samples,20064,20064,True
GW240526_093944,C00:IMRPhenomXPNR,chi_eff,20064,0.0,-0.006336531794682948,confirmatory_batch_C_posteriors.hdf5,all_samples,20064,20064,True
GW240526_093944,C00:IMRPhenomXPNR,luminosity_distance,20064,0.0,0.027545680482627174,confirmatory_batch_C_posteriors.hdf5,all_samples,20064,20064,True
GW240526_093944,C00:IMRPhenomXPNR,chirp_mass_source,20064,0.0,0.025774446425887377,confirmatory_batch_C_posteriors.hdf5,all_samples,20064,20064,True
GW250101_011205,C00:IMRPhenomXPHM-SpinTaylor,chirp_mass,19073,0.0,0.06808453069990732,confirmatory_batch_C_posteriors.hdf5,all_samples,19073,19073,True
GW250101_011205,C00:IMRPhenomXPHM-SpinTaylor,mass_ratio,19073,0.0,0.02016013378361901,confirmatory_batch_C_posteriors.hdf5,all_samples,19073,19073,True
GW250101_011205,C00:IMRPhenomXPHM-SpinTaylor,chi_eff,19073,0.0,0.04979104727018891,confirmatory_batch_C_posteriors.hdf5,all_samples,19073,19073,True
GW250101_011205,C00:IMRPhenomXPHM-SpinTaylor,luminosity_distance,19073,0.0,0.01465138126561723,confirmatory_batch_C_posteriors.hdf5,all_samples,19073,19073,True
GW250101_011205,C00:IMRPhenomXPHM-SpinTaylor,chirp_mass_source,19073,0.0,0.020093926542253976,confirmatory_batch_C_posteriors.hdf5,all_samples,19073,19073,True
GW250101_011205,C00:IMRPhenomXPNR,chirp_mass,17858,0.0,0.06482758086859108,confirmatory_batch_C_posteriors.hdf5,all_samples,17858,17858,True
GW250101_011205,C00:IMRPhenomXPNR,mass_ratio,17858,0.0,0.037305542892366,confirmatory_batch_C_posteriors.hdf5,all_samples,17858,17858,True
GW250101_011205,C00:IMRPhenomXPNR,chi_eff,17858,0.0,0.03114504030981052,confirmatory_batch_C_posteriors.hdf5,all_samples,17858,17858,True
GW250101_011205,C00:IMRPhenomXPNR,luminosity_distance,17858,0.0,0.019942347018871848,confirmatory_batch_C_posteriors.hdf5,all_samples,17858,17858,True
GW250101_011205,C00:IMRPhenomXPNR,chirp_mass_source,17858,0.0,0.030183531833484448,confirmatory_batch_C_posteriors.hdf5,all_samples,17858,17858,True
GW250108_152221,C00:IMRPhenomXPHM-SpinTaylor,chirp_mass,15752,0.0,0.017232769459360982,confirmatory_batch_C_posteriors.hdf5,all_samples,15752,15752,True
GW250108_152221,C00:IMRPhenomXPHM-SpinTaylor,mass_ratio,15752,0.0,0.026581572030561534,confirmatory_batch_C_posteriors.hdf5,all_samples,15752,15752,True
GW250108_152221,C00:IMRPhenomXPHM-SpinTaylor,chi_eff,15752,0.0,0.006740255166695516,confirmatory_batch_C_posteriors.hdf5,all_samples,15752,15752,True
GW250108_152221,C00:IMRPhenomXPHM-SpinTaylor,luminosity_distance,15752,0.0,0.006920662056484755,confirmatory_batch_C_posteriors.hdf5,all_samples,15752,15752,True
GW250108_152221,C00:IMRPhenomXPHM-SpinTaylor,chirp_mass_source,15752,0.0,-0.013285591415827552,confirmatory_batch_C_posteriors.hdf5,all_samples,15752,15752,True
GW250108_152221,C00:IMRPhenomXPNR,chirp_mass,14996,0.0,-0.0017188952356094417,confirmatory_batch_C_posteriors.hdf5,all_samples,14996,14996,True
GW250108_152221,C00:IMRPhenomXPNR,mass_ratio,14996,0.0,0.017263426479349725,confirmatory_batch_C_posteriors.hdf5,all_samples,14996,14996,True
GW250108_152221,C00:IMRPhenomXPNR,chi_eff,14996,0.0,0.0027546429109878683,confirmatory_batch_C_posteriors.hdf5,all_samples,14996,14996,True
GW250108_152221,C00:IMRPhenomXPNR,luminosity_distance,14996,0.0,0.003375033718669967,confirmatory_batch_C_posteriors.hdf5,all_samples,14996,14996,True
GW250108_152221,C00:IMRPhenomXPNR,chirp_mass_source,14996,0.0,0.003101327469024968,confirmatory_batch_C_posteriors.hdf5,all_samples,14996,14996,True
GW241114_235258,C00:IMRPhenomXPHM-SpinTaylor,chirp_mass,15921,0.0,0.011640653800879551,confirmatory_batch_C_posteriors.hdf5,all_samples,15921,15921,True
GW241114_235258,C00:IMRPhenomXPHM-SpinTaylor,mass_ratio,15921,0.0,0.0351802132196667,confirmatory_batch_C_posteriors.hdf5,all_samples,15921,15921,True
GW241114_235258,C00:IMRPhenomXPHM-SpinTaylor,chi_eff,15921,0.0,0.03640965878602685,confirmatory_batch_C_posteriors.hdf5,all_samples,15921,15921,True
GW241114_235258,C00:IMRPhenomXPHM-SpinTaylor,luminosity_distance,15921,0.0,0.07011145793052347,confirmatory_batch_C_posteriors.hdf5,all_samples,15921,15921,True
GW241114_235258,C00:IMRPhenomXPHM-SpinTaylor,chirp_mass_source,15921,0.0,0.06328870844982108,confirmatory_batch_C_posteriors.hdf5,all_samples,15921,15921,True
GW241114_235258,C00:IMRPhenomXPNR,chirp_mass,15650,0.0,-0.002033866142713797,confirmatory_batch_C_posteriors.hdf5,all_samples,15650,15650,True
GW241114_235258,C00:IMRPhenomXPNR,mass_ratio,15650,0.0,0.012452339023464935,confirmatory_batch_C_posteriors.hdf5,all_samples,15650,15650,True
GW241114_235258,C00:IMRPhenomXPNR,chi_eff,15650,0.0,0.001542985180294759,confirmatory_batch_C_posteriors.hdf5,all_samples,15650,15650,True
GW241114_235258,C00:IMRPhenomXPNR,luminosity_distance,15650,0.0,0.049352794755731844,confirmatory_batch_C_posteriors.hdf5,all_samples,15650,15650,True
GW241114_235258,C00:IMRPhenomXPNR,chirp_mass_source,15650,0.0,0.04709327173089628,confirmatory_batch_C_posteriors.hdf5,all_samples,15650,15650,True
GW240519_012815,C00:IMRPhenomXPHM-SpinTaylor,chirp_mass,18123,0.0,0.004216899986006901,confirmatory_batch_C_replacement_01_posteriors.hdf5,all_samples,18123,18123,True
GW240519_012815,C00:IMRPhenomXPHM-SpinTaylor,mass_ratio,18123,0.0,0.03457293182338992,confirmatory_batch_C_replacement_01_posteriors.hdf5,all_samples,18123,18123,True
GW240519_012815,C00:IMRPhenomXPHM-SpinTaylor,chi_eff,18123,0.0,8.77385883484106e-05,confirmatory_batch_C_replacement_01_posteriors.hdf5,all_samples,18123,18123,True
GW240519_012815,C00:IMRPhenomXPHM-SpinTaylor,luminosity_distance,18123,0.0,0.20959544282040637,confirmatory_batch_C_replacement_01_posteriors.hdf5,all_samples,18123,18123,True
GW240519_012815,C00:IMRPhenomXPHM-SpinTaylor,chirp_mass_source,18123,0.0,0.08280789512217376,confirmatory_batch_C_replacement_01_posteriors.hdf5,all_samples,18123,18123,True
GW240519_012815,C00:IMRPhenomXPNR,chirp_mass,17051,0.0,-0.004998685759547382,confirmatory_batch_C_replacement_01_posteriors.hdf5,all_samples,17051,17051,True
GW240519_012815,C00:IMRPhenomXPNR,mass_ratio,17051,0.0,0.011470649264488422,confirmatory_batch_C_replacement_01_posteriors.hdf5,all_samples,17051,17051,True
GW240519_012815,C00:IMRPhenomXPNR,chi_eff,17051,0.0,-0.004415462633944533,confirmatory_batch_C_replacement_01_posteriors.hdf5,all_samples,17051,17051,True
GW240519_012815,C00:IMRPhenomXPNR,luminosity_distance,17051,0.0,0.1887052778404539,confirmatory_batch_C_replacement_01_posteriors.hdf5,all_samples,17051,17051,True
GW240519_012815,C00:IMRPhenomXPNR,chirp_mass_source,17051,0.0,0.08003264426328624,confirmatory_batch_C_replacement_01_posteriors.hdf5,all_samples,17051,17051,True
